-- MySQL dump 10.13  Distrib 8.0.19, for Win64 (x86_64)
--
-- Host: localhost    Database: medics
-- ------------------------------------------------------
-- Server version	8.0.19

/*!40101 SET @OLD_CHARACTER_SET_CLIENT=@@CHARACTER_SET_CLIENT */;
/*!40101 SET @OLD_CHARACTER_SET_RESULTS=@@CHARACTER_SET_RESULTS */;
/*!40101 SET @OLD_COLLATION_CONNECTION=@@COLLATION_CONNECTION */;
/*!50503 SET NAMES utf8 */;
/*!40103 SET @OLD_TIME_ZONE=@@TIME_ZONE */;
/*!40103 SET TIME_ZONE='+00:00' */;
/*!40014 SET @OLD_UNIQUE_CHECKS=@@UNIQUE_CHECKS, UNIQUE_CHECKS=0 */;
/*!40014 SET @OLD_FOREIGN_KEY_CHECKS=@@FOREIGN_KEY_CHECKS, FOREIGN_KEY_CHECKS=0 */;
/*!40101 SET @OLD_SQL_MODE=@@SQL_MODE, SQL_MODE='NO_AUTO_VALUE_ON_ZERO' */;
/*!40111 SET @OLD_SQL_NOTES=@@SQL_NOTES, SQL_NOTES=0 */;

--
-- Table structure for table `appointments`
--

DROP TABLE IF EXISTS `appointments`;
/*!40101 SET @saved_cs_client     = @@character_set_client */;
/*!50503 SET character_set_client = utf8mb4 */;
CREATE TABLE `appointments` (
  `id` int NOT NULL AUTO_INCREMENT,
  `idDoctor` varchar(150) CHARACTER SET utf8 COLLATE utf8_spanish_ci NOT NULL,
  `idUser` int NOT NULL,
  `selected_date` date NOT NULL,
  `hour_init` int NOT NULL,
  `hour_end` int NOT NULL,
  `canceled` tinyint NOT NULL DEFAULT '0',
  `deleted` tinyint NOT NULL DEFAULT '0',
  PRIMARY KEY (`id`)
) ENGINE=InnoDB AUTO_INCREMENT=24 DEFAULT CHARSET=utf8 COLLATE=utf8_spanish_ci;
/*!40101 SET character_set_client = @saved_cs_client */;

--
-- Dumping data for table `appointments`
--

LOCK TABLES `appointments` WRITE;
/*!40000 ALTER TABLE `appointments` DISABLE KEYS */;
INSERT INTO `appointments` VALUES (11,'89',1,'2020-03-23',9,10,0,0),(12,'87',1,'2020-03-20',14,15,0,1),(13,'32',1,'2020-03-20',15,16,0,1),(14,'25',1,'2020-03-20',16,17,0,0),(15,'167',1,'2020-03-20',15,16,0,0),(16,'143',1,'2020-03-23',10,11,0,0);
/*!40000 ALTER TABLE `appointments` ENABLE KEYS */;
UNLOCK TABLES;

--
-- Table structure for table `doctors`
--

DROP TABLE IF EXISTS `doctors`;
/*!40101 SET @saved_cs_client     = @@character_set_client */;
/*!50503 SET character_set_client = utf8mb4 */;
CREATE TABLE `doctors` (
  `id` int NOT NULL AUTO_INCREMENT,
  `place_id` varchar(150) CHARACTER SET utf8 COLLATE utf8_spanish_ci NOT NULL,
  `name` varchar(150) CHARACTER SET utf8 COLLATE utf8_spanish_ci NOT NULL,
  `lat` float(10,6) NOT NULL,
  `lng` float(10,6) NOT NULL,
  `rating` varchar(150) CHARACTER SET utf8 COLLATE utf8_spanish_ci DEFAULT NULL,
  `vicinity` varchar(150) CHARACTER SET utf8 COLLATE utf8_spanish_ci DEFAULT NULL,
  `price` int DEFAULT NULL,
  PRIMARY KEY (`id`),
  UNIQUE KEY `place_id_UNIQUE` (`place_id`)
) ENGINE=InnoDB AUTO_INCREMENT=296 DEFAULT CHARSET=utf8 COLLATE=utf8_spanish_ci;
/*!40101 SET character_set_client = @saved_cs_client */;

--
-- Dumping data for table `doctors`
--

LOCK TABLES `doctors` WRITE;
/*!40000 ALTER TABLE `doctors` DISABLE KEYS */;
INSERT INTO `doctors` VALUES (1,'ChIJ_46WkmWuKIQRQ0dcmy-XxL4','Nutrióloga Hiliana Gómez Corona',20.677938,-103.394188,'5','Leónidas 3123A, Guadalajara',700),(2,'ChIJ_aP_jX6uKIQR_tCVGHEIqFw','Doctor Oscar B. Soto F.',20.645262,-103.460121,'0','Prol. Av. Guadalupe 865, Miramar, Guadalajara',800),(3,'ChIJ_cczzmauKIQRAGw4rRz8ANU','Dra. Celia Sanchez Bermudez',20.681429,-103.398758,'3.8','Tarascos 3514. Interior 3 Fraccionamiento, Monraz, Guadalajara',1200),(4,'ChIJ_eKGeaeuKIQRQS-GzIMpNXk','Dental Live',20.659086,-103.436562,'4.5','Av Guadalupe 6000-20, Arcos de Guadalupe, Zapopan',350),(5,'ChIJ_xPw80OsKIQRgHiuKpesb0w','Casillas Santa Ana Juan Gabriel',20.628878,-103.421486,'5','Av. Nicolás Copérnico 3817, Arboledas, Zapopan',800),(6,'ChIJ-VeM4UOsKIQR_v8K4Dic55s','ARBOLEDAS ALTA ESPECIALIDAD',20.630463,-103.423141,'0','Avenida Nicolás Copérnico 4044, Arboledas, Zapopan',1200),(7,'ChIJ-Vigs0CsKIQRVm-yqWjTcO0','Dr Leonardo Perez Gutierrez',20.635454,-103.422470,'0','45070, Calle Claudio Ptolomeo 2916-S MEDIC CARE, Cadete Francisco Márquez, Zapopan',900),(8,'ChIJ-VkbH5OuKIQREfU0Ujal0vg','DENTISTA',20.681597,-103.419800,'0','Av Washington 5037, Jardines Vallarta, Zapopan',550),(9,'ChIJ-xnRjvCvKIQR95Rg8Q1lSvg','Nutrióloga Patricia Ramírez',20.684731,-103.306770,'5','Calle Damián Carmona 927, Talpita, Guadalajara',350),(10,'ChIJ-yjVOm2sKIQRvvRHolaGZwU','Best Quality Labels Sapi',20.632919,-103.437988,'4.3','Anillo Periférico Poniente 2601, Miramar, Zapopan',700),(11,'ChIJ0Tyt_w2uKIQR6z7o1HDwswU','Dr. Rubén Bernabe Ceja',20.675047,-103.376350,'2.7','Calle Juan Ruiz de Alarcón 20, Guadalajara',800),(12,'ChIJ12k3_RasKIQR95h9vNiXGQQ','Dr. Oropeza',20.644325,-103.431503,'0','Calle Volcán Ajusco, Colli Urbano, Zapopan',1000),(13,'ChIJ1ygHKKOuKIQRY7YEGviMVWE','Alergologo e internista. Dr. Eduardo Orozco Plascencia',20.670095,-103.430969,'0','Av Rafael Sanzio 335B, La Estancia, Zapopan',900),(14,'ChIJ1ZkhDKCzKIQRSsmI0JYk16c','Casa Pédica',20.670113,-103.389786,'0','Avenida Adolfo López Mateos Sur 15956, Guadalajara Centro, Guadalajara',650),(15,'ChIJ2UbEQ5yuKIQRIlK-astSxos','Implantes Dentales Guadalajara | Dental Health & Implant Center',20.664215,-103.420189,'3.4','Av Manuel J. Clouthier 777, Jardines de Guadalupe, Zapopan',800),(16,'ChIJ2wOg8xWsKIQRYHn1w1NDdmk','Olimpica Group Car Rental',20.640446,-103.428299,'4.3','Calle Felipe Ruvalcaba 5487, Zapopan',650),(17,'ChIJ3ZUGXResKIQRFj7PuHvZEmk','MEDICO',20.646736,-103.432549,'0','Av el Colli 1927, Colli Urbano, Zapopan',600),(18,'ChIJ43EtVAKsKIQRHnOMtiG49SY','Operadora Express Light',20.655613,-103.442627,'4.5','Calle Misión de Santo Tomás Zapopan 969, Sevilla, Zapopan',500),(19,'ChIJ4c8ak4CuKIQRVRSVgWnTV58','Dr. Guillermo Enríquez Tostado OFTALMOLOGÍA',20.664951,-103.406258,'0','Del Parque 354, Chapalita Oriente, Zapopan',1200),(20,'ChIJ4cAnQ0CsKIQRh3gFtf9z6IU','Clínica Dental La Zapopana',20.634523,-103.425888,'4.9','Av. Enrique Ladrón de Guevara 5450, Paseos del Sol, Zapopan',350),(21,'ChIJ4eoWv6CuKIQR7svG4_EUPqI','Laboratorio Dental Aguilar',20.660343,-103.432648,'5','Misión San Luis 84, Plaza Guadalupe, Zapopan',800),(22,'ChIJ4yHBLwesKIQRKy5l1oTiITM','Ruben Dario',20.651258,-103.448929,'0','45069, Chabacano 1430, Paraísos del Colli, Zapopan',1000),(23,'ChIJ5_nGpmysKIQRnEfA2JnUZpo','Hostal Las Alameda',20.634495,-103.434097,'3.5','Rinconada de Béjar 1547, Zapopan',400),(24,'ChIJ56qPgIquKIQR92FW9mUYq48','Doctor Sotomayor',20.682688,-103.405128,'0','Av. Abedules 580, México, Zapopan',550),(25,'ChIJ5ZxdlR6sKIQRn5-bIU8uvns','Ginecologo Dr.J.Manuel Camarena G. Av. Copernico 25',20.654671,-103.432480,'0','Av. Nicolás Copérnico 25, Residencial Plaza Guadalupe, Plaza Guadalupe, Zapopan',1200),(26,'ChIJ64sDGpGtKIQRU5tB06E0M_0','DM Dental Metropolitano',20.653725,-103.442856,'0','Calle Misión de Santo Tomás Zapopan 1175, Plaza Guadalupe, Exitmex, Guadalajara',550),(27,'ChIJ682YSESsKIQRJguHwpoPahk','Medi Center Arboledas',20.629404,-103.420158,'5','Avenida Nicolás Copérnico 3730, Arboledas, Guadalajara',550),(28,'ChIJ69OVgyesKIQRhX-Qorf-rhw','Universidad del Valle de Atemajac',20.660080,-103.418678,'4.7','Avenida Tepeyac 4800',550),(29,'ChIJ6dqux5muKIQR6DVCftDUfhA','DENTISTAS ESPECIALISTAS',20.670782,-103.424271,'4.6','Calle Héctor Berlioz 5025, La Estancia, Zapopan',700),(30,'ChIJ6V52MMFFIYQRjebja-NZg0s','Hilton Guadalajara',20.653931,-103.389595,'4.6','Ave. de la Rosas 2933, Guadalajara',400),(31,'ChIJ6YFgV2quKIQRe_KuVWNlufw','Doctor Miguel Ángel León Hernández',20.661266,-103.406723,'4.2','Av. Tepeyac No. 1287, Chapalita, Guadalajara',700),(32,'ChIJ6Yvo30OsKIQRsHrLitZX3wk','Psiquiatras en Guadalajara - PsicoMed México',20.630440,-103.424057,'4.6','Avenida Nicolás Copérnico 4099, Arboledas, Zapopan',550),(33,'ChIJ6ZLX8QKvKIQRygp40fz_qzI','Obesity Guadalajara',20.708918,-103.414154,'0','Boulevard Puerta de Hierro 5150, Puerta de Hierro, Zapopan',1000),(34,'ChIJ72Llf5uzKIQRisOIlfK6wug','CONSULTA MÉDICA',20.630035,-103.280716,'5','Av. Malecón 246, Camichines II, Tonalá',400),(35,'ChIJ772p46WuKIQR2Rh4QZUrFUw','Auriculoterapia',20.664682,-103.438560,'0','Independencia 730, Arcos de Guadalupe, Zapopan',400),(36,'ChIJ79sMLt2vKIQRsTFmDMXV4zs','Dr Ernesto Güitrón',20.664700,-103.406311,'0','Santa Rita 1110-1196, Chapalita Oriente, Zapopan',1000),(37,'ChIJ7Y1qVz6uKIQRsfDQhyvxJbo','Doctor Hilario Coronado Magaña',20.689144,-103.378441,'0','Calle Jesús García 2447, Lomas de Guevara, Guadalajara',800),(38,'ChIJ7z4_gpmuKIQRxO8HkPreWi4','Nucleo Dental M',20.668564,-103.422699,'5','Av. Ludwig Van Beethoven 4845, Lomas del Seminario, Zapopan',900),(39,'ChIJ80Olxi2sKIQR_wBiJdfZhb4','La Mansion del Sol',20.651110,-103.408417,'4.6','Avenida Moctezuma 1596, Ciudad del Sol, Guadalajara',600),(40,'ChIJ81QMoWCuKIQRmcynwzfqlMw','Doctor José Francisco Gómez Chávez',20.684645,-103.400398,'0','Tarasco 3473 Consultorio 320, Sta Rita, Guadalajara',900),(41,'ChIJ8UCgQaSxKIQRAVa3kuuO1C8','IMSS Unidad Médica de Alta Especialidad Pediatría',20.683901,-103.327431,'4.1','Avenida Belisario Domínguez 735, Independencia Oriente, Guadalajara',600),(42,'ChIJ96BZDYqrKIQRn2nei2GTiic','Fiesta Inn Guadalajara Expo',20.652452,-103.396584,'4.4','Avenida Mariano Otero 1550 Col, Rinconada del Sol, Guadalajara',650),(43,'ChIJ9Wv1zuutKIQRIx8ZLn8JmI0','Dentall clinic in Guadalajara',20.644772,-103.378464,'4.4','Isla Cozumel 2685, Anterior 2683, Guadalajara',500),(44,'ChIJa-9bh5CtKIQRpusJocFmuVY','Delgadillo Canizales Alberto Doctor',20.658016,-103.416771,'5','Av. Tepeyac 4570, Tepeyac Casino, Prados Tepeyac, Zapopan',350),(45,'ChIJA0fsr_SrKIQRPZpET4Sr4CU','CONSULTORIO MÉDICO',20.634424,-103.456314,'0','Calle Mercurio 1587 A, Arenales Tapatíos, Zapopan',1200),(46,'ChIJa4zfrUasKIQRa946Ksp-9nw','Doctor Rodolfo Gutiérrez Enríquez',20.631321,-103.421852,'0','Carneros 5385, Arboledas, Guadalajara',800),(47,'ChIJA7dvYUGsKIQRlRdlU6lZ_nU','Nucleo Medico Salud',20.630424,-103.424088,'0','Avenida Nicolás Copérnico 4099, Arboledas, Zapopan',350),(48,'ChIJA9z6FzWpKIQRcZfvNFaD3l0','CONSULTORIO DENTAL',20.682964,-103.452599,'5','Calz de los Paraísos 526_A, Granja, Zapopan',400),(49,'ChIJAa6eP_SrKIQR9EqEvqqEWiw','Dr. Carlos Enrique Cueva - Dentista',20.638262,-103.455429,'0','Calle Puerto Mazatlan 102, Miramar, Zapopan',700),(50,'ChIJAQAA8G6uKIQRH8k51kfB2HI','Centro Médico Hernán Cortés',20.677141,-103.390343,'4.2','Diagonal Golfo de Cortés 2990, Vallarta Nte., Guadalajara',400),(51,'ChIJAQAA8G6uKIQRwrg73DjWCwE','Doctor Jose María García y Otero',20.677856,-103.391418,'5','Diagonal Golfo de Cortés 3052, Vallarta Nte., Guadalajara',1000),(52,'ChIJAQDMiJuuKIQRyV0b0Zw7PeE','Dr. Julio Gomez Castellanos',20.666164,-103.420227,'0','Av Manuel J. Clouthier 596, Jardines de Guadalupe, Zapopan',650),(53,'ChIJaU32RkisKIQRxlou8uYkEYk','Clínica Dental Perfect Smile',20.635624,-103.414673,'3.4','Av De La Calma 3692, La Calma, Zapopan',400),(54,'ChIJAVPyNmqsKIQRkc4F2U9ZaMo','Fundacion Farmacias del Ahorro',20.631170,-103.430458,'4.1','Avenida Mariano Otero 5721, Paseos del Sol, Zapopan',900),(55,'ChIJazj_koCuKIQRe6EOSUavRnQ','Art & Plastic',20.664488,-103.425735,'5','Avenida San Luis Gonzaga 5094, Jardines de Guadalupe, Zapopan',600),(56,'ChIJAzPnPTavKIQRlU8fAFDpE_4','Dr. Guillermo Collignon Ginecología y Obstetricia',20.666109,-103.420166,'5','Av Manuel J. Clouthier 596, Jardines de Guadalupe, Zapopan',1200),(57,'ChIJb2xBgTKsKIQRK2YGJJssHEI','Lic. Edgar Ayon. Nutriólogo.',20.649012,-103.407547,'0','Calle Quetzalcoatl 3785, Cd del Sol, Zapopan',400),(58,'ChIJB9uoWLCnKIQREEYbA00N8dE','Obesibye Nutrióloga',20.767694,-103.452850,'5','Emiliano Zapata 629, Praderas de San Antonio, Heroes Nacionales, Nuevo México',900),(59,'ChIJb9vHlriuKIQROaJciVnmJ4c','Consultorio Médico',20.681181,-103.435677,'4.5','Independencia 30A, Sta María del Pueblito, Zapopan',1200),(60,'ChIJBaMUBpuuKIQRNknxltTwKPE','Dental House',20.668337,-103.419258,'0','Av Manuel J. Clouthier 490, Lomas de Guadalupe, Zapopan',1200),(61,'ChIJbb5UEWquKIQRNCAf_C-qd5Y','Olmedo Plastic Surgery in Guadalajara',20.684977,-103.386543,'4.7','Avenida Manuel Acuña 2844, Guadalajara',1000),(62,'ChIJbbuRXX-uKIQRDgO9c3wvxi8','Doctor Juan Carlos Mendoza López',20.666035,-103.398399,'5','Av Guadalupe 605, Chapalita Sur, Zapopan',550),(63,'ChIJbf_d30OsKIQR3pTf3UJDXkE','Dr. Hugo Gabriel Ruvalcaba Naranjo',20.630423,-103.424515,'0','Avenida Nicolás Copérnico 4044, Arboledas, Zapopan',800),(64,'ChIJbULQdhmsKIQRcd86b7fmJgk','CLINICA DENTAL KLINIKKEN PLAZA DEL ANGEL',20.656469,-103.398796,'5','Avenida Adolfo López Mateos Sur 2077, Jardines Plaza del Sol, Zapopan',500),(65,'ChIJbxYY8SmsKIQR-Nm4gvHcZjU','Sega',20.632824,-103.444916,'4.4','Avenida Tepeyac 2301, Mariano Otero, Zapopan',500),(66,'ChIJbY2LyGusKIQR_DQcBjNeuLo','VIVE Centro de Psicología y especialidades medicas',20.631145,-103.431595,'5','Avenida Mariano Otero 5750, Paseos del Sol, Zapopan',500),(67,'ChIJbZB9-0OsKIQR5IdY5Y7xQcg','Hospital Arboledas',20.630335,-103.423073,'3.1','Avenida Nicolás Copérnico # 4000, Arboledas, Zapopan',500),(68,'ChIJc5xseSauKIQRRiv1HN5PhKo','Dr. Miguel Ángel Puente Lárraga',20.670656,-103.430893,'0','Av Rafael Sanzio 311, La Estancia, Zapopan',700),(69,'ChIJc6vVXMqzKIQRh-ePtM4oyOw','InterContinental Presidente Guadalajara',20.650200,-103.404121,'4.6','Ave. Lopez Mateos, Avenida Moctezuma Y, Ciudad del Sol, Guadalajara',400),(70,'ChIJC7AEHnauKIQRzUehLGwMkT0','Briseño Ramírez Héctor',20.661884,-103.389107,'4.3','Calz. Lázaro Cárdenas 2931, Jardines del Bosque, Guadalajara',800),(71,'ChIJc7fntYyvKIQRX74JLEwN5UI','Dr. Dorador Cirugía Plástica Estética en Guadalajara',20.664753,-103.419975,'0','Av Manuel J. Clouthier 669 - 3, Jardines de Guadalupe, Zapopan',1000),(72,'ChIJCb1ThBCuKIQRxf9z_9W_Q7I','Medica Humana',20.675735,-103.377556,'3.8','esquina calle Luis Pérez Verdia, Calle José María Morelos 2060, Ladron De Guevara, Guadalajara',650),(73,'ChIJCT4V0ROsKIQRQeKLN_76EuM','Medicina General',20.640738,-103.436119,'0','Javier Peregrina 1354, Paseos del Sol, Zapopan',1000),(74,'ChIJD_HWqMeuKIQR_myuIeSXcLY','Tooth Care Consultorio Dental',20.684374,-103.437057,'5','Calle Corona 5713A, Jocotán Zapopan Jalisco, Jocotán, Zapopan',350),(75,'ChIJD-2vnpGvKIQRVcMS8LpATH8','Centro Medico Alta Especialidad',20.679796,-103.405571,'0','Av. Abedules 375, Los Pinos, Zapopan',500),(76,'ChIJD4f4fAOsKIQRuReFLdITmpA','DENTAL-IMPLANT',20.652645,-103.441963,'5','Av. Tepeyac 6584, Plaza Guadalupe, Exitmex, Zapopan',400),(77,'ChIJd4y-BPSrKIQRr-ZBpDhKVmw','Doctor Alfredo Camacho Zaragoza',20.639181,-103.456314,'5','Av del Parque 611, Sendero de Luna, Puerto Vallarta',400),(78,'ChIJD6EsYNKtKIQRpx31o81PKjo','derma GDL Del Sol',20.651075,-103.402031,'1','Zona A, Avenida Adolfo López Mateos Sur 2375, Plaza del Sol, Zapopan',1200),(79,'ChIJd8yTLParKIQRbDaPM9aO8fY','Dental Miramar',20.642859,-103.451561,'5','Calle Puerto Guaymas 1115-A, Miramar, Zapopan',800),(80,'ChIJdUoOnL6uKIQRhHi5y9HdB7M','Dentimex Galerías Guadalajara',20.677725,-103.432648,'1.7','Av Rafael Sanzio 150, La Estancia, Zapopan',650),(81,'ChIJDwZog3KuKIQR1MxTogvYNx4','Doctor Miguel Quezada Ochoa',20.674189,-103.384094,'0','Calle Emilio Castelar 70, Arcos Vallarta, Guadalajara',800),(82,'ChIJDxqfbUSsKIQRvgFvjQoeOMs','Italis Torre Médica',20.628902,-103.421471,'4.7','Av. Nicolás Copérnico 3817, Arboledas, Zapopan',500),(83,'ChIJE0xwqWGuKIQRrALQftSl2K8','Zapopan',20.671955,-103.416504,'0','Zapopan',900),(84,'ChIJeb1IQEKuKIQRxQuTYG6JXPU','Doctor Heriberto Pinto Aguilar',20.687239,-103.389580,'4.3','Calle Gral. Eulogio Parra 2979, Prados Providencia, Guadalajara',1200),(85,'ChIJefZ2_D2uKIQR_AjAuELL9GY','Dr Martin Robles Internista',20.687428,-103.375626,'4.3','Calle Gral. Eulogio Parra 2330, Ladrón de Guevara, Ladron De Guevara, Guadalajara',900),(86,'ChIJETFczmauKIQRT40Qzct7vf4','Médica San Lucas S.A. de C.V.',20.680820,-103.395912,'5','Calle Tarascos 3213, Monraz, Guadalajara',400),(87,'ChIJETLCnbuuKIQRFRyxqUNpSD4','Dentista Dr Gerardo',20.673531,-103.434860,'0','45030, Av Piotr Chaikovski 253A, La Estancia, Zapopan',650),(88,'ChIJeV7IMiKsKIQRZuk51OoWBSs','Grupo Todo Limpio',20.642536,-103.437889,'4.1','Volcán Zacatecas 68, Colli Urbano, Zapopan',600),(89,'ChIJEyZ6NrSvKIQR3ikScOfcEw0','Traumatologo Ortopedista Pediatra Dr. Carlos Brambila',20.664698,-103.419998,'4.6','Av Manuel J. Clouthier 669, Jardines de Guadalupe, Zapopan',700),(90,'ChIJEz6V2GyuKIQRlpWYmGTJ4bw','Consultorio Médico Doctor José Jaime Abraham',20.677551,-103.382805,'4.2','Calle Justo Sierra 2603, Ladron De Guevara, Guadalajara',350),(91,'ChIJezEHODisKIQRI9C71rTNH-Y','BodyOrganic Spa',20.631060,-103.428543,'4','Avenida Galileo Galilei 4360, Arboledas, Zapopan',800),(92,'ChIJF1esKjWvKIQRJQJhdo4NnrU','Punto Dental GRG',20.675123,-103.415833,'5','Av Manuel J. Clouthier 133, Prados Vallarta, Zapopan',550),(93,'ChIJf2Ga0ROsKIQRAWPa2GUJtxs','Terapia Fisica',20.640608,-103.436310,'0','Ricardo Zermeño, Paseos del Sol, Zapopan',700),(94,'ChIJF6R6KZuuKIQRvMisrbFu28c','Consultorio Dr Hugo Fernandez',20.668779,-103.416908,'5','Calle San Juan Bosco 4738, Lomas de Guadalupe, Zapopan',800),(95,'ChIJfaF40NWuKIQR3qGlmyazlVQ','Dr. Omar Cabrera',20.702244,-103.446075,'4.2','Av. Verona 7412, Villa Verona, Zapopan',700),(96,'ChIJFd8b4kOsKIQRXeMzv_eNdFw','NUTRIOLOGO EN GUADALAJARA DRA. BEATRIZ VALDEZ RODRIGUEZ',20.630547,-103.423233,'0','Av. Nicolás Copérnico 4044, Arboledas, Guadalajara',700),(97,'ChIJfQqrE5hLL4QR_mfy1AHsAq4','Doctor, Laboratorio Y Consultas',20.523113,-103.244179,'4','Parques del Castillo, San José del Castillo',400),(98,'ChIJg1ilB4WuKIQROo9foZ43XcY','Dr. Jorge Armando Gonzalez Gutierrez',20.668213,-103.413261,'0','Calle, Santa Teresa de Jesús 527, Zapopan',400),(99,'ChIJg47E-oexKIQRt-_zslAVJjc','Dentary Plus Dental Clinic',20.670670,-103.430794,'5','Av Rafael Sanzio 311, La Estancia, Zapopan',1200),(100,'ChIJGd1eZMGtKIQRZHkcuoxqjuE','Nutriologo Iván S. Lopez',20.644709,-103.385635,'4.7','Isla Galápagos 2297, Bosques de La Victoria, Guadalajara',900),(101,'ChIJGfPLCLOtKIQR5GRZNlr_A_0','Dra. Islaidy Delgado Abreu, Médico general',20.639843,-103.432465,'0','Juan de Dios de La Torre 5460, Guadalajara',1000),(102,'ChIJGR4lREWuKIQRwPfUCXO8__Y','Dr. Salvador Yàñez Dìaz.',20.696127,-103.392433,'5','Avenida Pablo Neruda, Pablo Casals 3265, Guadalajara',650),(103,'ChIJGwmvXrqvKIQRw8xUPuPFUV4','Clínica Dental la Zapopana (Sucursal Plaza Guadalupe)',20.657696,-103.432785,'3','Av. Nicolás Copérnico 3280, Plaza Guadalupe, Zapopan',1000),(104,'ChIJgYo_vCuwKIQRN3lzyQ0UstE','Active Diet Nutriólogo',20.715771,-103.354660,'5','Calz del Federalismo Nte 2339-D, Atemajac del Valle, Zapopan',650),(105,'ChIJGZL2BB6sKIQRjvp7uxNS_qc','Unidad Médico Dental',20.658392,-103.433273,'4','Av Guadalupe, Residencial Plaza Guadalupe, Plaza Guadalupe, Zapopan',600),(106,'ChIJGZlVhRKsKIQRFyJTwZs1n6o','Papelería Coriba S.A. de C.V.',20.636868,-103.439362,'4.5','Anillo Periférico Poniente 6002, Miramar, Zapopan',900),(107,'ChIJh_VjdqevKIQRBHP3BIZ8tys','Traumatólogo Ortopedista Dr. César Octavio Perez Mora',20.665245,-103.420189,'5','Av Manuel J. Clouthier #669, Jardines de Guadalupe, Zapopan',500),(108,'ChIJh-4DgxOuKIQRCbHjbE9bA3M','Ferbe Medical',20.680178,-103.378761,'3.7','Calle Francisco Rojas González 213, Ladron De Guevara, Guadalajara',350),(109,'ChIJH1Nzk0OsKIQRoiJsfpXJ7nY','Salud Ocupacional de Occidente',20.628925,-103.423271,'5','Pez Austral 3995, Arboledas, Zapopan',400),(110,'ChIJh2sAC0KxKIQRN-dh3_nJADE','NUTRIOLOGO CONTROL DE PESO',20.688354,-103.387589,'0','tel 3336775828, Calle José María Heredia 2880, Providencia, Guadalajara',400),(111,'ChIJhbpk8xisKIQRJ3emFa4XFKQ','CIRUJANO DENTISTA',20.650812,-103.429604,'0','Playa Manzanilla 1045-A, Nueva Primavera, Zapopan',350),(112,'ChIJhx_YZZyuKIQRqkKSkbqC0s0','Internista/Nefrologo Zapopan - Dr Nestor Santiago',20.664753,-103.419975,'5','Av Manuel J. Clouthier 669, Jardines de Guadalupe, Zapopan',650),(113,'ChIJhy2OOOCtKIQR2EPX-tkf1w0','ibis Guadalajara Expo',20.654778,-103.392799,'4','Av Mariano Otero No 1400 Col, Jardines del Bosque, Guadalajara',700),(114,'ChIJHY78dBauKIQRyonrB1lv6Lo','Doctor Cárdenas Ruíz Velasco Juan José',20.685307,-103.375870,'5','Calle Juan Álvarez 2338, Ladron De Guevara, Guadalajara',500),(115,'ChIJhzHdruKxKIQR1nfBskBIFJE','Dra. Patricia Diaz Bringas',20.677027,-103.357597,'5','Avenida Miguel Hidalgo y Costilla 903, Zona Centro, Guadalajara',900),(116,'ChIJi9aX8GOuKIQRVPhD-Zd7WEE','Vera Luna Salvador Doctor',20.678934,-103.402542,'5','Av. México 3370, Monraz, Guadalajara',400),(117,'ChIJi9fR9G6OL4QRkZE7RYtmiHg','City Express Plus Guadalajara Expo',20.651667,-103.397812,'4.4','Avenida Mariano Otero 1390, Rinconada del Sol, Guadalajara',900),(118,'ChIJIadDu9etKIQRKKM0DuT_iNk','Dr. Lazaro Cardenas',20.702375,-103.446060,'4.6','Avenida Verona 7412, Virreyes, Zapopan',1000),(119,'ChIJITf6jUKsKIQRoOr45wHBDHE','Lic. Israel Loayza',20.626719,-103.427322,'5','Aurora Boreal Sur 4073, Arboledas, Zapopan',800),(120,'ChIJiUJndRGsKIQRkWHhrAZ0B3Y','Quimformex',20.642410,-103.436760,'0','Volcán Ceboruco 45, Colli Urbano, Zapopan',1000),(121,'ChIJiVBYsEasKIQRXuEOFzM5pgQ','Optica Azpeitia',20.631323,-103.421646,'5','Calle Carnero 5379, Arboledas, Zapopan',600),(122,'ChIJJ0xnKLytKIQReff3y4bpSiE','CURABITUR',20.633589,-103.385620,'5','Avenida Isla Raza 2186, Jardines de San José, Guadalajara',350),(123,'ChIJJ1uXdT6sKIQR30xmbuDqDTk','Completa',20.640413,-103.433899,'0','Calle Guillermo Sepúlveda 1331, Paseos del Sol, Zapopan',800),(124,'ChIJJ1ZmORKuKIQR4zV3ysVSXlY','Connect Hearing Aparatos Auditivos',20.677017,-103.377098,'4.5','Calle Luis Pérez Verdía 58, Ladron De Guevara, Guadalajara',800),(125,'ChIJJ6jWfk2vKIQREKnKWeMTZpE','Nutrióloga Mayra Chávez',20.699486,-103.387939,'0','Av Montevideo 3002, Providencia, Guadalajara',600),(126,'ChIJj7EqQZ-uKIQR7q4LP1slRo8','AmoralaMujer',20.664379,-103.426682,'4.7','Av. San Luis Gonzaga 5148, Jardines de Guadalupe, Zapopan',1000),(127,'ChIJjSyBhyOsKIQRLlGQ66HACTs','Doctor Guillermo López Tsubuku',20.651640,-103.422165,'3.7','Avenida Patria 1507, Zapopan',650),(128,'ChIJjWEQlP6xKIQR7k47Bsdh_nI','Centro Medico',20.670006,-103.354408,'0','Calz. del Federalismo Sur 449, Zona Centro, Guadalajara',800),(129,'ChIJjZinpGivKIQRVy0_JOahAuQ','Dental JM',20.661331,-103.428337,'0','Av Guadalupe 5243, Guadalupe Jardín, Guadalajara',500),(130,'ChIJjZXdAhSsKIQRKbxhFvQ1xoE','Dr. Cristopher Ruiz Pediatra',20.641298,-103.433243,'4.9','Avenida Enrique Ladrón de Guevara 2462, Paseos del Sol, Zapopan',400),(131,'ChIJk6psgxOuKIQRiWapoE-Eczc','Dr Carlos Arturo Diaz Avelar',20.681559,-103.428665,'5','Av Juan Palomar y Arias 21, Jardines Vallarta, Zapopan',500),(132,'ChIJK71TKSusKIQRkPRNa9PNA64','Doctor Pablo Márquez Ruíz',20.662003,-103.407486,'0','Av. Niño Obrero 1052, Cd de los Niños, Zapopan',600),(133,'ChIJkdPXyQmsKIQRuv2vQyvYNTE','Dental Del Mar',20.642546,-103.449837,'5','Calle Puerto Guaymas 915A, Miramar, Zapopan',600),(134,'ChIJkeoIVAKsKIQRCNyCM8JJdMo','Nucleo Medico Vives',20.655579,-103.442894,'5','Calle Misión de Santo Tomás Zapopan 1044-A, Bellavista, Plaza Guadalupe, Zapopan',350),(135,'ChIJKUXcDhCsKIQRZRL-yO3SsFg','\"THE COLLI\" CLINICAL LABORATORY ANALYSIS AND MEDICAL UNIT',20.646383,-103.438683,'4.7','Calle Volcán Jorullo, Colli Urbano, Zapopan',500),(136,'ChIJkw3ZVQ6uKIQRt4LzwDd3Ozw','Sánchez Urzúa Guillermo Doctor',20.673386,-103.373398,'5','Avenida Unión 163, Lafayette, Guadalajara',800),(137,'ChIJKYAe_OOvKIQRB6hCEAL221k','Consultorio Médico Fundación Best',20.740719,-103.364265,'5','Av. De Los Tabachines 3015A, Tabachines, Zapopan',500),(138,'ChIJL0rw9HSsKIQRlg9we0KQ4xM','Centro Medico',20.631834,-103.446983,'0','Sierra Morena 1000, Belisario Domínguez, Guadalajara',700),(139,'ChIJl1uga5OuKIQRFaU5GJoWAMw','Nuclio Médico.',20.681557,-103.421021,'0','Av. Patria 190, Prados Guadalupe, Zapopan',550),(140,'ChIJl3L3D4GuKIQRnhN7eErDMKA','Doctor Rodríguez Rivera Arturo',20.664354,-103.409027,'5','Av. Niño Obrero 850, Cd de los Niños, Zapopan',650),(141,'ChIJl3L3D4GuKIQRTHui61xtPck','Consultorio Médico',20.664354,-103.409027,'1','Av. Niño Obrero 850, Cd de los Niños, Zapopan',650),(142,'ChIJL5THiASsKIQRBXOHRbJgxo4','CONSULTORIO DENTAL',20.651598,-103.442238,'0','Capa 1370A, Hacienda del Tepeyac, Zapopan',550),(143,'ChIJl9kD6qOuKIQRCRfaLDvf9a4','Génesis Full Nutrition',20.665972,-103.432426,'5','Calle Asesores 4595, Arcos de Guadalupe, Zapopan',700),(144,'ChIJldCNmSOsKIQRJsHgjJ-e0XI','DENTAL MABERIC',20.650763,-103.423782,'2.1','Yaxuma 5123, Sta Catalina, Zapopan',700),(145,'ChIJLfJFaJyuKIQR6qkJYhs1uxU','Consultorio de Odontologîa dental Health Center',20.664215,-103.420189,'0','Av Manuel J. Clouthier 777, Jardines de Guadalupe, Zapopan',1000),(146,'ChIJLQWzmqKuKIQRlb-i3bvaRx0','Dr. Raul Mendoza Medina, Traumatólogo',20.668810,-103.428719,'0','Av. Ludwig Van Beethoven 5229, La Estancia, Zapopan',800),(147,'ChIJLSaFL9KtKIQRN5yrUdbRoNY','Grupo Neomed México',20.635422,-103.424965,'5','Aracely Souza 5295, Paseos del Sol, Zapopan',500),(148,'ChIJlTGWtUOsKIQR2TIZAivk7hk','Micropigmentación Neri Cosmética',20.628378,-103.425217,'0','Vega 5575, Arboledas, Zapopan',600),(149,'ChIJlV1uGfGxKIQR6O5XlHkKILo','dentalia Plaza Ciudadela',20.648134,-103.420593,'3.8','int Local LP-10, Avenida Labna 1437, Jardines del Sol, Zapopan',1000),(150,'ChIJlw54ahGsKIQRNrPTraCf8ZA','CDMI Centro de Diagnóstico Microbiológico e Inmunomolecular',20.642645,-103.436050,'4.7','Calle Volcán Vesubio 6271, Colli Urbano, Zapopan',500),(151,'ChIJlwhGJ22sKIQRmquXMugKoz0','CMI Comercializadora Médica Integral',20.634298,-103.436813,'0','Calle Lateral al Periférico 1767, La Alameda, Zapopan',650),(152,'ChIJlXFyY5CuKIQRK5HMTosTWLY','Dentistas Especializados (MOLEET Dental Unit)',20.672697,-103.418373,'5','Av. Sebastian Bach 4754, Prados Guadalupe, Zapopan Jalisco',600),(153,'ChIJlxh_K3iuKIQRPhNCYV1oOvw','Puente Matute Remus',20.664864,-103.393745,'4.7','Carretera Guadalajara - Tepic, Jardines de Los Arcos, Guadalajara',650),(154,'ChIJLyG8K5uuKIQRpXX5cM-pjjA','Dr. Fernando Javier Rivera Gutiérrez',20.664694,-103.419907,'0','Av Manuel J. Clouthier 669, Jardines de Guadalupe, Zapopan',550),(155,'ChIJlz-2iqmuKIQRyRBpEtH0cRQ','GlobalDent',20.659460,-103.445473,'5','Prol. Av. Guadalupe 6730-4, Guadalupe Inn, Exitmex, Zapopan',350),(156,'ChIJLzN-mw6uKIQR2IigMa8D0PA','Femme GDL',20.671530,-103.375954,'4.8','Calle Miguel Lerdo de Tejada 2344, Circunvalación Americas, Guadalajara',600),(157,'ChIJM0kfiOatKIQRR5zkYoNGo5A','Dr. Jaime Rodriguez Ochoa',20.631271,-103.421608,'0','Calle Carnero 5385, Arboledas, Zapopan',350),(158,'ChIJM0xFWmSuKIQRdaM8E0hXBnY','Dr. Miguel Godinez Vaca',20.637775,-103.429955,'5','Calle Jose, J. Naranjo No. 5493, Paseos del Sol, Zapopan',350),(159,'ChIJM3GdGJCuKIQR7EWHb3WC5ok','CONSULTORIO MEDICO',20.673328,-103.417068,'0','Av Manuel J. Clouthier 176, Prados Vallarta, Zapopan',900),(160,'ChIJM8Q3e_-xKIQRzttn-4Or-Do','Mármoles Terranova',20.641653,-103.439857,'4.7','Anillo Periférico Norte Manuel Gómez Morin 1270, Col, Paseos del Sol, Zapopan',550),(161,'ChIJm9MvtYyxKIQRUFeGvwKTPdY','Guadalajara',20.659698,-103.349609,'0','Guadalajara',550),(162,'ChIJMVVBV5arKIQR4YC6tGmc6Mw','SOIN DENTAL',20.624048,-103.471107,'4.2','H. Colegio Militar 4-J, Colonia, El Fortín, Zapopan',1200),(163,'ChIJMXJTtgmsKIQRuk0Z4elmgOc','Consultorio Farma Free',20.642450,-103.449615,'0','Calle Puerto Guaymas 897-C, Miramar, Zapopan',1000),(164,'ChIJN1mCK5KrKIQRm0wBmYHfAvQ','Taquizas y Banquetes los Comales',20.633648,-103.424004,'4.4','Calle Serpentario 3632, Residencial Arboledas, Zapopan',400),(165,'ChIJN6LcTcquKIQRhyTaHdEzz6I','Dental Care Odontología Integral',20.683788,-103.447456,'5','45010, Calzada Nte 88B, Granja, Zapopan',500),(166,'ChIJn6WYJGOlKIQRGlO6iQ_tZSk','Especialidades Medicas San Miguel',20.758795,-103.392532,'5','Av Paseo de las Aves No. 1552, Mirador San Isidro, Misión San Isidro, Zapopan',1200),(167,'ChIJn9q1Ax6sKIQRX5Zu171mnWo','Dentista',20.657696,-103.432785,'0','Av. Nicolás Copérnico 3280, Plaza Guadalupe, Zapopan',350),(168,'ChIJNb_HsQiuKIQR9nq3ASLZodU','UNIDAD DE MEDICINA INTERNA',20.669153,-103.371063,'0','Calle José Guadalupe Montenegro 2123, Col Americana, Obrera, Guadalajara',800),(169,'ChIJNbcVgJmtKIQR9X4xthGcdOo','Clinica Dental La Zapopana',20.657625,-103.432808,'2','Av. Nicolás Copérnico 3280, Plaza Guadalupe, Zapopan',400),(170,'ChIJnbsPgs-vKIQRBdnZBZD26Qk','Dispensario Fernando Banda',20.721640,-103.373070,'4.3','Av. Aurelio Ortega 842, Seattle, Zapopan',700),(171,'ChIJnSENfZCuKIQRh1rRFQMMJL0','Odonsis Dental Center',20.672216,-103.419273,'5','Av. Sebastian Bach 4961, Prados Guadalupe, Zapopan',550),(172,'ChIJnTE705StKIQRRHFD39SjTCI','AJIFITTS (Asociación Jalisciense De Información Formación Investigación Y Tratamiento De Tanatología Y Suicidio',20.634285,-103.433243,'0','Calle Leopoldo Padilla 3384, Paseos del Sol, Zapopan',500),(173,'ChIJNV9i0FuxKIQR_v6sGsuvyUY','Nutrióloga Nancy Barragán T.',20.677296,-103.281281,'4.8','Av. Puerto Melaque 3696c, Los Arrayanes, Guadalajara',1000),(174,'ChIJo-2_jBSsKIQRvHwV_S_Z7RU','LILI MAYO Centro HILISTICO',20.638126,-103.432480,'0','1713, Calle Jaime Gómez, Paseos del Sol, Zapopan',600),(175,'ChIJO-OZy0auKIQR3CchDtGufyU','Consultorio Médico',20.692116,-103.385880,'0','Calle Napoles 2899, Lomas de Providencia, Guadalajara',350),(176,'ChIJO21i6yGsKIQRkKFVgO4l4AY','MEDI DENTAL',20.654730,-103.426735,'0','Av. Tepeyac 5131-74, Villas del Tepeyac, Zapopan',650),(177,'ChIJO3AIx9-tKIQRCN4j5YVWvpU','Neurologia pediátrica en guadalajara',20.660780,-103.383064,'4.5','ESPECIALIDADES MEDICAS DEL BOSQUE, Cosmos 2673, Jardines del Bosque, Guadalajara',650),(178,'ChIJo4x3h7uxKIQR2yLpzQBbocs','Nutritionist Alexis Hernández',20.696342,-103.327766,'3','Sierra Nevada 1611, Monumental, Guadalajara',350),(179,'ChIJo6JaLCmsKIQRH0Aa6ohwJdU','CONSULTORIO MEDICO',20.654964,-103.413185,'2','Paseo de Las Azucenas 4464, Prados Tepeyac, Zapopan',1000),(180,'ChIJo98E0dWuKIQR_CRhiK5mexk','Innovare Bariatría - Dr. Gabriel Galván Araiza',20.702269,-103.446037,'5','Av. Verona 7412, Virreyes, Zapopan',500),(181,'ChIJo9eabZCuKIQR6bcWUaYFBQo','Life Medical Spa',20.672636,-103.419312,'5','Sebastian Bach N° 4812 México Jal MX Col, Prados Guadalupe, Guadalajara',1200),(182,'ChIJofEtRnmuKIQRMbktMuryTLs','Valencia Castellanos Alberto',20.666035,-103.398399,'5','Av Guadalupe 605, Chapalita, Guadalajara',600),(183,'ChIJOVj31lGsKIQR-kidAMzBQQ4','nucleo medico',20.625401,-103.413002,'5','Av 18 de Marzo 1588, Las Águilas, Zapopan',650),(184,'ChIJOZlKPvOrKIQRUaEJXyDmXO0','CONSULTORIO MÉDICO',20.634958,-103.458618,'5','Calcita 84-A, Arenales Tapatíos, Zapopan',800),(185,'ChIJoZQF4n2uKIQRyrr3mZ6BnO4','Diagnóstico Especializado por Imágen',20.667185,-103.403923,'4.2','Avenida San Ignacio 24, Jardín de San Ignacio, Zapopan',500),(186,'ChIJozt316WuKIQRAQ26fGm9Ji8','Medic Center Médicos Especialistas',20.664652,-103.437454,'5','45037, Calle Comerciantes 5812, Arcos de Guadalupe, Zapopan',700),(187,'ChIJP_iDa5OuKIQR1T9bTYy2P5I','Doctor Vicente García Martínez',20.681471,-103.420967,'0','Av. Patria 173, Jardines Vallarta, Zapopan',650),(188,'ChIJP_ToFbmuKIQRwNqOBz4ZH58','CONSULTORIO DENTAL',20.678051,-103.435432,'0','José María Morelos 5599, Sta María del Pueblito, Zapopan',500),(189,'ChIJp0cgV6CvKIQRio12UjjPgRI','Dr. Santiago Toscano Igartua',20.664698,-103.419998,'3','Consultorio 1, Av Manuel J. Clouthier 669, Jardines de Guadalupe, Zapopan',800),(190,'ChIJP107X0GsKIQRMYAqVsnO_6U','Malacon Sánchez Marco Polo',20.630745,-103.423340,'5','Avenida Nicolás Copérnico 5590, Arboledas, Zapopan',550),(191,'ChIJP107X0GsKIQRQwNLmA0Jsko','Oftalmología Cruz',20.630766,-103.423347,'3.9','Avenida Nicolás Copérnico 5590, Fraccionamiento Arboledas, Arboledas, Zapopan',700),(192,'ChIJp3H4D4GuKIQRnIX_JJUKpNg','Bonal Perez Miguel Angel Dr',20.664515,-103.408562,'4.4','Av. Niño Obrero 846, Cd de los Niños, Zapopan',800),(193,'ChIJP5mVTJquKIQRjNwTQ4w8kjQ','Ortho HM, Especialidades Dentales',20.668715,-103.420334,'5','Av. Ludwig Van Beethoven 4589, Lomas de Guadalupe, Zapopan',400),(194,'ChIJp7zIuc6vKIQRj_No7kO-pag','Dr Sergio Guizar Cuevas',20.665640,-103.431503,'5','Av Rafael Sanzio 581 Col, Arcos de Guadalupe, Zapopan',350),(195,'ChIJp9HhjGusKIQRhtRRM0R2V2s','Praxair México S. de R.L. de C.V.',20.631128,-103.434021,'5','Avenida Mariano Otero 5920, Zapopan',1200),(196,'ChIJpaqgdwWtKIQRpZJKFw0X4RE','Nutriologo Elizabeth Saucedo',20.624115,-103.410736,'5','Río Tuxcacuesco 1118, Las Águilas, Zapopan',400),(197,'ChIJPc2T_kOsKIQRLH0aLlUcKkc','MEDICA SUR',20.630404,-103.422638,'3','Calle Carnero, Arboledas, Zapopan',400),(198,'ChIJpdweExasKIQRxiifNTpjYzs','Colli Urbano',20.643192,-103.429504,'0','Colli Urbano',350),(199,'ChIJpeK_L9qtKIQRh22jsM01a0Y','Real Inn Guadalajara Expo',20.655605,-103.391464,'4.4','Avenida Mariano Otero 1326, Chapalita, Guadalajara',700),(200,'ChIJpUjd1pmuKIQRfGfawjv5Zhs','Dr.Eduard Guzman',20.671209,-103.425270,'5','Calle Héctor Berlioz 5092, La Estancia, Zapopan',350),(201,'ChIJPVMzjzytKIQR34hms4R5IrY','González Sánchez Jorge Glicerio Doctor',20.677916,-103.410538,'5','Pegaso 3585, Sin Nombre, Guadalajara',500),(202,'ChIJpyuaqkGsKIQR_Nr8TkbB_Pk','Atencion a sus pies',20.633284,-103.425087,'4.7','Avenida Nicolás Copérnico 3635, Arboledas, Zapopan',1000),(203,'ChIJq_x7oRGuKIQRhRMjldinWPo','Nutriologo Judas Herrera',20.677879,-103.374565,'5','1, Calle Justo Sierra 2292, Ladron De Guevara, Guadalajara',650),(204,'ChIJq6p-ciWsKIQRSTrXRgBKAM0','Dr. Moisés Guerrero Jiménez',20.650711,-103.417740,'0','Av Moctezuma 4662, Jardines del Sol, Zapopan',1000),(205,'ChIJq6qqqrWuKIQRgmzMFzcttz0','Asylum - Friendship Rest House',20.684654,-103.446671,'4','De Los Pirules 84, Zapopan',1000),(206,'ChIJQ9D1X26vKIQRNS8twAW5sdE','Athletic Medical Zone',20.632589,-103.425369,'5','Avenida Nicolás Copérnico 4337, Arboledas 2a sección, Zapopan',1200),(207,'ChIJQa2XKpiuKIQRS6lyr6HuCzw','consultorio dr quirarte',20.671209,-103.425270,'0','Calle Héctor Berlioz 5092-b, La Estancia, Zapopan',550),(208,'ChIJqdaGpACvKIQRGkgdyRAzL0o','Dr. Eguía Cirujano Plástico',20.702244,-103.446075,'0','Av. Verona 7412, Zapopan',400),(209,'ChIJqQpylhGsKIQRx2ozEJAsr8Q','Lógica GPS',20.642429,-103.437744,'4.8','Volcán Zacatecas # 2257, Colli Urbano, Zapopan',500),(210,'ChIJqTzppLWvKIQR-Rkj5EZLGC4','SUMA TAKES YOU',20.633848,-103.432472,'4.2','Calle Felipe Zetter 3407, Paseos del Sol, Zapopan',550),(211,'ChIJqVNJCdatKIQR60PDP9T68Yc','Dr. Jorge Glicerio',20.640018,-103.415398,'0','Calle Pegaso 3585, La Calma, Zapopan',900),(212,'ChIJqXcWDkGsKIQRGHKM7fisaZs','Clinica Magic. Delineado permanente',20.632296,-103.424576,'0','Avenida Nicolás Copérnico 4254, Arboledas, Zapopan',400),(213,'ChIJqXiFzeStKIQR7g6ot1_QqhI','Centro Especializado en Reproducción y Genética',20.680931,-103.398926,'3.5','Calle Tarascos 3473, Monraz, Guadalajara',400),(214,'ChIJqXiFzeStKIQRjWgknrWMTuM','Doctor Antonio Bayardo Prieto',20.664783,-103.420074,'4.1','Avenida Manuel J. Clouthier 669, Jardines de Guadalupe, Zapopan',800),(215,'ChIJqxN1yYOsKIQRVDZOW9fXQC8','Staybridge Suites Guadalajara Expo',20.648327,-103.404213,'4.5','Avenida Mariano Otero 2682, Ciudad del Sol, Guadalajara',550),(216,'ChIJQxpHqqquKIQRW2uWry_rFzY','Antares Médica',20.657625,-103.450851,'4.2','Vía Láctea 11, La Gloria, Zapopan',500),(217,'ChIJqYx39EOsKIQRCUQlyEaUIDs','Dr Jesus Martinez M. \"Urologo & Cirujano General\"',20.630421,-103.424080,'0','Avenida Nicolás Copérnico 4099, Arboledas, Zapopan',900),(218,'ChIJraqWPZOuKIQRIcnHOa1a3Iw','DR JOSE IZAGUIRRE CASTILLO',20.681940,-103.420364,'0','Av Washington #4957, Jardines Vallarta, Zapopan',500),(219,'ChIJRUwLsJGxKIQRRjQS4ablFwI','CONSULTA MÉDICA',20.681032,-103.327667,'0','Av. Belisario Domínguez 56, San Juan de Dios, Guadalajara',600),(220,'ChIJRyWORkCsKIQRqGEg8ZiWl_8','Banco Banorte',20.634123,-103.426331,'2.2','Avenida Mariano Otero # 5468, Paseos del Sol, Zapopan',550),(221,'ChIJs106yv6rKIQRHhO_QHX_mwo','Dental City',20.651676,-103.455383,'0','Prol. Av. Guadalupe 348, Paraísos del Colli, Zapopan',800),(222,'ChIJs2JsXoSuKIQRrHg6CJTZdDg','Consultorio Medico',20.667931,-103.413315,'0','Santa Teresa de Jesús 545, Camino Real, Zapopan',650),(223,'ChIJs62PnbuuKIQRQ1Y0EitN-Us','CLINICA DENTAL VELVAL',20.673470,-103.434799,'4.7','Av Piotr Chaikovski 253-A, La Estancia, Zapopan',1000),(224,'ChIJsbgp_oetKIQRy4bVL9KgDC0','Atención Medica General MEDIC',20.629761,-103.358932,'0','Calle Francisco Mateos 888, Echeverría, Guadalajara',600),(225,'ChIJscatdxesKIQRF4kFj_Q0FeU','CONSULTORIO MEDICO',20.646461,-103.431053,'0','Av el Colli 1894-D, Colli Urbano, Zapopan',1200),(226,'ChIJSdZF0r6xKIQR5AjUDbGsKss','Iván Nutriólogo',20.695692,-103.332008,'5','Calle 7 Colinas 1232, Independencia, Guadalajara',800),(227,'ChIJt0keSC2sKIQRyWCz_1NU68M','Dr. José Francisco Alexander Meza, Oncólogo',20.650883,-103.405602,'5','Av Moctezuma 187, Cd del Sol, Zapopan',900),(228,'ChIJt1-qeoCuKIQR9xztBn4RjoE','Nutriólogo Rafael Franco',20.663124,-103.405464,'5','Santa Rita 956A, Chapalita Oriente, Zapopan',400),(229,'ChIJT6T1UdatKIQRfUi3GY1IO7E','Hampton Inn by Hilton Guadalajara/Expo Jalisco Mexico',20.659395,-103.396797,'4.5','Avenida de Las Rosas 3030, Chapalita, Guadalajara',550),(230,'ChIJTa3ZKxOsKIQR4qTORvLYhSM','Key Solutions Systems de México',20.634100,-103.435905,'4.2','Calle Tomas Balcázar 1504, La Alameda, Zapopan',900),(231,'ChIJtZLVuAOuKIQR7mZg35sjT6s','Unidad Médica Doctor Rigoberto Trejo de la Peña',20.671711,-103.362450,'0','Libertad 1687, Col Americana, Americana, Guadalajara',800),(232,'ChIJu-N4RUWuKIQRFCa0HG8Zgkw','Torre Médica Providencia',20.696032,-103.392509,'4.6','Avenida Pablo Neruda 3265, Providencia 4a. Sección, Guadalajara',500),(233,'ChIJU0t3HRuuKIQRHbuR2zGOrpI','Nutritionist Josefina Quintero',20.706306,-103.316376,'5','Calle Fraternidad 494, Belisario Domínguez, Guadalajara',550),(234,'ChIJU4knx3SuKIQRTncdTodqWUQ','Clínica de Ansiedad, Depresión, Estrés Anorexia, Bulimia y Comer Compulsivo CADE',20.667196,-103.382912,'4.4','Planeta 2590, Jardines del Bosque, Guadalajara',900),(235,'ChIJu4mTYCGsKIQRJxo--iSycV0','Dentista En Guadalajara',20.653646,-103.423866,'5','Av. Patria 1150 Interior J-10 Colonia Mirador del Sol, Sta Catalina, Zapopan',1000),(236,'ChIJU5yWZ3VcL4QRZO1kHMWSKsA','Farmcia FarmaJoco Y consultas medicas',20.285189,-103.426544,'0','Calle Miguel Arana 204B, Sin Nombre, Jocotepec',900),(237,'ChIJU8uK4riuKIQRIJ-gIIgRpIM','Dental S&D',20.679216,-103.435776,'0','Independencia 117, Sta María del Pueblito, Zapopan',400),(238,'ChIJufQyPkCsKIQRe_kUyqIMmCI','Dentistas en Guadalajara | Dentistas Unidos Corp',20.634644,-103.426857,'1.7','Aracely Souza 5470, Paseos del Sol, Zapopan',550),(239,'ChIJuRx8pg-rKIQRekLwAeOZeW0','Traumatologo Dr Juan Pablo Alejandro Anaya Godoy',20.633083,-103.468002,'0','Oro 40, Arenales Tapatíos, Zapopan',900),(240,'ChIJuSZ8FBCvKIQRba5GRp1gJa8','Dr. Luis Enrique Rivero Almanzor',20.708431,-103.414513,'4','Avenida Empresarios 150, Puerta de Hierro, Zapopan',550),(241,'ChIJUTNhWmusKIQR5ZDSwK8T270','Abamsur',20.634787,-103.433319,'0','José Becerra 1591, Paseos del Sol, Zapopan',700),(242,'ChIJuwio6G2uKIQRW9wtPhOtPFM','Guadalajara Plaza Ejecutivo López Mateos',20.656752,-103.399544,'4.5','Avenida Adolfo López Mateos Sur 2128, Chapalita, Guadalajara',650),(243,'ChIJuwTRqpeuKIQR8eW1odXgLVg','Unidad Médico - Quirurgica',20.674313,-103.425392,'0','Av. Miguel Angel 164, Real Vallarta, Zapopan',550),(244,'ChIJuxjDupCuKIQRGjxQDTJow1E','Dr. Trujillo Satow Alejandro',20.672188,-103.421379,'5','Av. Sebastian Bach 4923, Residencial Cordilleras, Zapopan',700),(245,'ChIJuxVU1AmsKIQRVb0vdmSJN3w','DENTISTA',20.642740,-103.451004,'0','Calle Puerto Guaymas 1155B, Miramar, Zapopan',1000),(246,'ChIJUz5MaJSxKIQR7EQPg0SD2b4','Facultad de odontologia UDG',20.685150,-103.333015,'4','Sierra Mojada 950, Independencia Oriente, Guadalajara',800),(247,'ChIJv4aAS4WvKIQRXh4jgJCcdDM','Unidad Médica San Isidro',20.743973,-103.394470,'1','Av Escorial 935, Lomas de Zapopan, Zapopan',350),(248,'ChIJv7hlvEOsKIQRBVksns6SVQE','Dr. Pedro Alonso Mejia Ocegueda',20.628515,-103.424026,'0','Calle Carnero 5520, Arboledas, Zapopan',500),(249,'ChIJv7hlvEOsKIQRDvf_LlmeWIY','Centro Integral de Salud Sexual',20.628515,-103.424026,'0','Calle Carnero 5520, Arboledas, Zapopan',350),(250,'ChIJv8hF-_irKIQRiQAsY9jNJ7I','Consultorio Medico - Fundación Best.',20.649248,-103.453880,'0','Av el Colli 1081, Paraísos del Colli, Zapopan',600),(251,'ChIJvaSKDM2tKIQRw0ik3aux498','Consultorio Médico',20.647835,-103.402153,'0','Av Mariano Otero 4B, Victoria, Zapopan',550),(252,'ChIJvb209farKIQRF5Wv6GoO79A','CONSULTORIO MEDICO',20.641569,-103.454224,'0','Puerto Salina Cruz 5-A, Miramar, Zapopan',1200),(253,'ChIJVbh9ZnStKIQR_reNOU3P2ho','Traumatologia , Dr Juan Pablo Alejandro Anaya Godoy',20.633263,-103.448128,'0','Calle Javier Mina, Mariano Otero, Zapopan',700),(254,'ChIJvc2UbxOsKIQRcEw9DQleyNs','Varela Doctor',20.637587,-103.434639,'0','45079, Calle Rinconada de Arjona 1708, La Alameda, Zapopan',650),(255,'ChIJVcvYoWusKIQRfI-JZFoVPt4','Clínica dental -Mediden.',20.636780,-103.427200,'5','Calle Tomas Balcázar 5425, Paseos del Sol, Zapopan',350),(256,'ChIJvQnniXWmKIQRwE-FvA9ybDQ','Consulta Médica Calandrias',20.778265,-103.451210,'0','Av. de las Calandrias 2092B, Villas de La Loma, Nuevo México',700),(257,'ChIJvT_UAzquKIQRseNw3Qi97w4','Nutrióloga María José Fregoso',20.698105,-103.375824,'5','Buenos Aires 2305, Providencia 4a. Secc, Guadalajara',400),(258,'ChIJVUvmxiWsKIQRueJm5HWe1Ao','Dental Axis',20.653145,-103.418388,'4.3','Av. Labna 1391, Jardines del Sol, Zapopan',400),(259,'ChIJVVVVlaKuKIQR8muSQ2FODV4','Protesis Oculares Orvilag',20.668806,-103.425537,'5','Avenida Ludwig Van Beethoven 5043-A, La Estancia, Zapopan',500),(260,'ChIJvXxaGXeuKIQRAfj7wCPB3P8','PROCLINIC DENTAL',20.665560,-103.385918,'4.8','Av Paseo de la Arboleda 742, Jardines del Bosque, Guadalajara',550),(261,'ChIJVZ2eEfmrKIQR5MU6R3dUaZc','DENTISTA SIN DOLOR',20.649338,-103.455086,'4.8','Prol. Av. el Colli 1209, Paraísos del Colli, Zapopan',1200),(262,'ChIJVZxr3YKtKIQR4156PcL047g','GDL Cardiología - Dr Misael Medina Servin',20.628902,-103.421471,'3','Av. Nicolás Copérnico 3817, Arboledas, Zapopan',900),(263,'ChIJW_0FPJSuKIQRlwbGJfgq81g','ab dental soluciones',20.678274,-103.424019,'0','Av. Miguel Angel 21, Real Vallarta, Zapopan',600),(264,'ChIJw0POvmSuKIQRkhmXLxCvFE8','Ortoprotec',20.674820,-103.397972,'5','Avenida Ignacio Luis Vallarta 3278, Vallarta, Guadalajara',1200),(265,'ChIJw2apxJWuKIQRvsfq1weamqA','NACER EN PLENITUD',20.677856,-103.426239,'5','Calle Velázquez 50, Real Vallarta, Zapopan',1000),(266,'ChIJw65Bf2iuKIQRvFdaDCtx_a8','Consultorios Médicos',20.682827,-103.393211,'0','Av. Juan Palomar y Arias 444, Juan Manuel, Guadalajara',900),(267,'ChIJwYO93_-xKIQR665OYtF8NJ4','Casa Pédica de la Paz Hermanos',20.666414,-103.358658,'4.1','Avenida Niños Héroes 1465, Moderna, Guadalajara',350),(268,'ChIJx1GI2xOsKIQRJ3oExzG8c0Q','Masajes Lorenzo',20.640757,-103.435654,'0','Ricardo Zermeño 1390, Paseos del Sol, Zapopan',650),(269,'ChIJx4y7w2auKIQRo_AdbFr-Bxw','Doctor Rubén Benernabe Ceja',20.681206,-103.397942,'5','Calle Tarascos 3478, Monraz, Guadalajara',650),(270,'ChIJx8s5AkCvKIQRnD2nKFQFl8Y','Dental City',20.729694,-103.437546,'4.6','Av Sta Margarita 4410, Jardín Real, Zapopan',550),(271,'ChIJxbd0Gx6sKIQRQK9HXQIpcgo','Clínica dental Zapopana',20.658525,-103.432953,'0','Av Guadalupe 3280, Plaza Guadalupe, Zapopan',650),(272,'ChIJXeYD0xKvKIQRZ6fqDG0zp58','Dental del Real',20.664461,-103.414040,'5','Av Guadalupe 4354, Camino Real, Zapopan',1200),(273,'ChIJXSOjjhOsKIQRMTbB0bDkJrE','Dr. Energias',20.639490,-103.434273,'0','Calle Jaime Gómez 2625, Zapopan',650),(274,'ChIJxy2hUtqtKIQR2X0Jake2smY','The Westin Guadalajara',20.653183,-103.389366,'4.7','Avenida de Las Rosas 2911, Guadalajara',800),(275,'ChIJY-u_p1GvKIQRtXyj_3e9fVs','Dr. Elias Padilla Homeopata',20.674706,-103.380775,'5','Arcos Vallarta, Guadalajara',800),(276,'ChIJY2EXW8OtKIQR5q1uUhHNWTk','Nutrióloga Analí García',20.649820,-103.387016,'5','Calle Barlovento 2417, Rinconada de la Arboleda, Bosques de La Victoria, Guadalajara',1000),(277,'ChIJy51xBb2uKIQRTz1Lrk3rqqA','Dental La Estancia',20.673195,-103.430237,'5','Av Rafael Sanzio 229-6, La Estancia, Zapopan',650),(278,'ChIJy7zvY4GuKIQR6H0N3nmSnng','Centro Medico Guadalupe',20.664549,-103.410400,'0','Av Guadalupe 4083, Cd de los Niños, Zapopan',650),(279,'ChIJYVFfvCmuKIQRNucqGepK2to','Doctor Maytorena Leyva Alfonso',20.668211,-103.367966,'5','Calle Mexicaltzingo 1979, Col Americana, Americana, Guadalajara',500),(280,'ChIJYWeJBBStKIQR6KD1u0Jbmj8','CHANTLI PSICOLOGIA PARA TODOS',20.635983,-103.436455,'5','Calle Tomas Balcázar 1461, La Alameda, Zapopan',600),(281,'ChIJYwsDiRmuKIQRF2qiTI2YfP0','Ortocef Dental',20.682226,-103.446144,'4','Calzada Nte 7195, Granja, Zapopan',1000),(282,'ChIJz7alJYCuKIQRCKxTR2WIaXo','Doctor Victor Guadalajara',20.661543,-103.406982,'0','45040, Av. Tepeyac 1110, Chapalita Oriente, Zapopan',350),(283,'ChIJz81JaNmtKIQRFFIL1gKRjOs','Nutrióloga Astrid Ortega',20.657700,-103.388985,'5','Calle Horizonte 1138, Jardines del Bosque, Guadalajara',550),(284,'ChIJzaAQNS2vKIQR2Mxtl9rsYKI','Jet Rescue Worldwide Critical Care Air Ambulance',20.631048,-103.425339,'0','Pedro Simon laplace 5491, Arboledas, Zapopan',800),(285,'ChIJzcLe7firKIQRxEttWbJJUJw','DENTAL ANGEL',20.649481,-103.452972,'5','Calle Arrayán 1639, Paraísos del Colli, Zapopan',1000),(286,'ChIJZe0waESwKIQRiX5OFKgheAU','Camino Real Guadalajara',20.675085,-103.409821,'4.4','Avenida Ignacio Luis Vallarta 5005 Chapalita, Camino Real, Guadalajara',650),(287,'ChIJzV9ez2auKIQR5Hc9pKSg4x0','Doctor Marin Camarena Carlos',20.681206,-103.398087,'0','Tarascos 3473 8o. Piso, Int. 830 Torre de Especialidades del Hospital, Angeles del Carmen, Guadalajara',650),(288,'ChIJzV9ez2auKIQR7guiEqU3iZ8','Doctor José Romero Gallardo',20.681007,-103.398590,'0','Calle Tarascos 3469, Monraz, Guadalajara',550),(289,'ChIJzV9ez2auKIQRndwsIx8tupQ','Rubio Arguello Gustavo Adolfo',20.681007,-103.398590,'3','206, Calle Tarascos 3469, Monraz, Guadalajara',550),(290,'ChIJzV9ez2auKIQRsm4QEdotjww','Doctor Gabriel Sánchez Santoscoy',20.680908,-103.398888,'4.2','Calle Tarascos 3473, Santa Rita, Guadalajara',1200),(291,'ChIJzV9ez2auKIQRV0ShIqrO_m8','Consultorio Medico',20.681019,-103.398590,'0','Calle Tarascos 3469, Monraz, Guadalajara',900),(292,'ChIJZWWOARasKIQR_2HtFcC8c8w','Healt Group Industrias de México S.A. de C.V.',20.642172,-103.428177,'0','Volcán Paricutín 6281, Guadalajara',350),(293,'ChIJZX_eKBesKIQRi_Bp_p6rjn0','Clínica Sociedad Médica Para Bienes Familiar SC',20.644548,-103.433342,'5','Calle Volcán Ajusco 566, Colli Urbano, Zapopan',700),(294,'ChIJZYIY57iuKIQReYBquX53gDE','Dental El Pueblito',20.679651,-103.435417,'5','Benito Juárez 5535-B, Sta María del Pueblito, Zapopan',400),(295,'ChIJZYLJyWusKIQRCIG3qG8Z8eE','Consultorio',20.631279,-103.431465,'0','2, Avenida Mariano Otero 5750, Mariano Otero, Zapopan',800);
/*!40000 ALTER TABLE `doctors` ENABLE KEYS */;
UNLOCK TABLES;

--
-- Table structure for table `users`
--

DROP TABLE IF EXISTS `users`;
/*!40101 SET @saved_cs_client     = @@character_set_client */;
/*!50503 SET character_set_client = utf8mb4 */;
CREATE TABLE `users` (
  `id` int NOT NULL AUTO_INCREMENT,
  `username` varchar(150) CHARACTER SET utf8 COLLATE utf8_spanish_ci NOT NULL,
  `password` varchar(150) CHARACTER SET utf8 COLLATE utf8_spanish_ci DEFAULT NULL,
  PRIMARY KEY (`id`)
) ENGINE=InnoDB AUTO_INCREMENT=2 DEFAULT CHARSET=utf8 COLLATE=utf8_spanish_ci;
/*!40101 SET character_set_client = @saved_cs_client */;

--
-- Dumping data for table `users`
--

LOCK TABLES `users` WRITE;
/*!40000 ALTER TABLE `users` DISABLE KEYS */;
INSERT INTO `users` VALUES (1,'admin',NULL);
/*!40000 ALTER TABLE `users` ENABLE KEYS */;
UNLOCK TABLES;

--
-- Table structure for table `working_hours`
--

DROP TABLE IF EXISTS `working_hours`;
/*!40101 SET @saved_cs_client     = @@character_set_client */;
/*!50503 SET character_set_client = utf8mb4 */;
CREATE TABLE `working_hours` (
  `id` int NOT NULL AUTO_INCREMENT,
  `idDoctor` varchar(150) CHARACTER SET utf8 COLLATE utf8_spanish_ci NOT NULL,
  `min` int NOT NULL,
  `max` int NOT NULL,
  PRIMARY KEY (`id`)
) ENGINE=InnoDB AUTO_INCREMENT=591 DEFAULT CHARSET=utf8 COLLATE=utf8_spanish_ci;
/*!40101 SET character_set_client = @saved_cs_client */;

--
-- Dumping data for table `working_hours`
--

LOCK TABLES `working_hours` WRITE;
/*!40000 ALTER TABLE `working_hours` DISABLE KEYS */;
INSERT INTO `working_hours` VALUES (1,'1',9,14),(2,'1',15,17),(3,'2',9,14),(4,'2',15,17),(5,'3',9,14),(6,'3',15,17),(7,'4',10,13),(8,'4',14,17),(9,'5',9,14),(10,'5',15,17),(11,'6',9,14),(12,'6',15,17),(13,'7',9,14),(14,'7',15,17),(15,'8',10,13),(16,'8',14,17),(17,'9',9,14),(18,'9',15,17),(19,'10',9,14),(20,'10',15,17),(21,'11',9,14),(22,'11',15,17),(23,'12',9,14),(24,'12',15,17),(25,'13',9,14),(26,'13',15,17),(27,'14',10,13),(28,'14',14,17),(29,'15',10,13),(30,'15',14,17),(31,'16',10,13),(32,'16',14,17),(33,'17',10,13),(34,'17',14,17),(35,'18',10,13),(36,'18',14,17),(37,'19',10,13),(38,'19',14,17),(39,'20',10,13),(40,'20',14,17),(41,'21',10,13),(42,'21',14,17),(43,'22',9,14),(44,'22',15,17),(45,'23',9,14),(46,'23',15,17),(47,'24',9,14),(48,'24',15,17),(49,'25',9,14),(50,'25',15,17),(51,'26',10,13),(52,'26',14,17),(53,'27',10,13),(54,'27',14,17),(55,'28',9,14),(56,'28',15,17),(57,'29',10,13),(58,'29',14,17),(59,'30',10,13),(60,'30',14,17),(61,'31',9,14),(62,'31',15,17),(63,'32',9,14),(64,'32',15,17),(65,'33',9,14),(66,'33',15,17),(67,'34',9,14),(68,'34',15,17),(69,'35',10,13),(70,'35',14,17),(71,'36',10,13),(72,'36',14,17),(73,'37',9,14),(74,'37',15,17),(75,'38',9,14),(76,'38',15,17),(77,'39',9,14),(78,'39',15,17),(79,'40',9,14),(80,'40',15,17),(81,'41',10,13),(82,'41',14,17),(83,'42',10,13),(84,'42',14,17),(85,'43',9,14),(86,'43',15,17),(87,'44',10,13),(88,'44',14,17),(89,'45',9,14),(90,'45',15,17),(91,'46',10,13),(92,'46',14,17),(93,'47',10,13),(94,'47',14,17),(95,'48',10,13),(96,'48',14,17),(97,'49',10,13),(98,'49',14,17),(99,'50',10,13),(100,'50',14,17),(101,'51',9,14),(102,'51',15,17),(103,'52',10,13),(104,'52',14,17),(105,'53',9,14),(106,'53',15,17),(107,'54',10,13),(108,'54',14,17),(109,'55',10,13),(110,'55',14,17),(111,'56',10,13),(112,'56',14,17),(113,'57',9,14),(114,'57',15,17),(115,'58',9,14),(116,'58',15,17),(117,'59',10,13),(118,'59',14,17),(119,'60',10,13),(120,'60',14,17),(121,'61',9,14),(122,'61',15,17),(123,'62',9,14),(124,'62',15,17),(125,'63',9,14),(126,'63',15,17),(127,'64',9,14),(128,'64',15,17),(129,'65',9,14),(130,'65',15,17),(131,'66',9,14),(132,'66',15,17),(133,'67',9,14),(134,'67',15,17),(135,'68',10,13),(136,'68',14,17),(137,'69',10,13),(138,'69',14,17),(139,'70',9,14),(140,'70',15,17),(141,'71',10,13),(142,'71',14,17),(143,'72',9,14),(144,'72',15,17),(145,'73',9,14),(146,'73',15,17),(147,'74',10,13),(148,'74',14,17),(149,'75',10,13),(150,'75',14,17),(151,'76',10,13),(152,'76',14,17),(153,'77',9,14),(154,'77',15,17),(155,'78',9,14),(156,'78',15,17),(157,'79',10,13),(158,'79',14,17),(159,'80',10,13),(160,'80',14,17),(161,'81',10,13),(162,'81',14,17),(163,'82',9,14),(164,'82',15,17),(165,'83',10,13),(166,'83',14,17),(167,'84',9,14),(168,'84',15,17),(169,'85',9,14),(170,'85',15,17),(171,'86',9,14),(172,'86',15,17),(173,'87',10,13),(174,'87',14,17),(175,'88',10,13),(176,'88',14,17),(177,'89',9,14),(178,'89',15,17),(179,'90',10,13),(180,'90',14,17),(181,'91',10,13),(182,'91',14,17),(183,'92',10,13),(184,'92',14,17),(185,'93',9,14),(186,'93',15,17),(187,'94',9,14),(188,'94',15,17),(189,'95',9,14),(190,'95',15,17),(191,'96',10,13),(192,'96',14,17),(193,'97',9,14),(194,'97',15,17),(195,'98',10,13),(196,'98',14,17),(197,'99',10,13),(198,'99',14,17),(199,'100',10,13),(200,'100',14,17),(201,'101',10,13),(202,'101',14,17),(203,'102',9,14),(204,'102',15,17),(205,'103',9,14),(206,'103',15,17),(207,'104',9,14),(208,'104',15,17),(209,'105',10,13),(210,'105',14,17),(211,'106',9,14),(212,'106',15,17),(213,'107',10,13),(214,'107',14,17),(215,'108',9,14),(216,'108',15,17),(217,'109',10,13),(218,'109',14,17),(219,'110',10,13),(220,'110',14,17),(221,'111',9,14),(222,'111',15,17),(223,'112',9,14),(224,'112',15,17),(225,'113',9,14),(226,'113',15,17),(227,'114',9,14),(228,'114',15,17),(229,'115',9,14),(230,'115',15,17),(231,'116',9,14),(232,'116',15,17),(233,'117',10,13),(234,'117',14,17),(235,'118',9,14),(236,'118',15,17),(237,'119',10,13),(238,'119',14,17),(239,'120',10,13),(240,'120',14,17),(241,'121',9,14),(242,'121',15,17),(243,'122',10,13),(244,'122',14,17),(245,'123',10,13),(246,'123',14,17),(247,'124',9,14),(248,'124',15,17),(249,'125',10,13),(250,'125',14,17),(251,'126',9,14),(252,'126',15,17),(253,'127',9,14),(254,'127',15,17),(255,'128',10,13),(256,'128',14,17),(257,'129',9,14),(258,'129',15,17),(259,'130',10,13),(260,'130',14,17),(261,'131',9,14),(262,'131',15,17),(263,'132',10,13),(264,'132',14,17),(265,'133',10,13),(266,'133',14,17),(267,'134',9,14),(268,'134',15,17),(269,'135',9,14),(270,'135',15,17),(271,'136',10,13),(272,'136',14,17),(273,'137',9,14),(274,'137',15,17),(275,'138',10,13),(276,'138',14,17),(277,'139',10,13),(278,'139',14,17),(279,'140',10,13),(280,'140',14,17),(281,'141',9,14),(282,'141',15,17),(283,'142',10,13),(284,'142',14,17),(285,'143',10,13),(286,'143',14,17),(287,'144',10,13),(288,'144',14,17),(289,'145',9,14),(290,'145',15,17),(291,'146',9,14),(292,'146',15,17),(293,'147',9,14),(294,'147',15,17),(295,'148',9,14),(296,'148',15,17),(297,'149',10,13),(298,'149',14,17),(299,'150',9,14),(300,'150',15,17),(301,'151',10,13),(302,'151',14,17),(303,'152',10,13),(304,'152',14,17),(305,'153',10,13),(306,'153',14,17),(307,'154',10,13),(308,'154',14,17),(309,'155',9,14),(310,'155',15,17),(311,'156',9,14),(312,'156',15,17),(313,'157',10,13),(314,'157',14,17),(315,'158',10,13),(316,'158',14,17),(317,'159',10,13),(318,'159',14,17),(319,'160',10,13),(320,'160',14,17),(321,'161',10,13),(322,'161',14,17),(323,'162',9,14),(324,'162',15,17),(325,'163',9,14),(326,'163',15,17),(327,'164',9,14),(328,'164',15,17),(329,'165',9,14),(330,'165',15,17),(331,'166',10,13),(332,'166',14,17),(333,'167',9,14),(334,'167',15,17),(335,'168',9,14),(336,'168',15,17),(337,'169',9,14),(338,'169',15,17),(339,'170',9,14),(340,'170',15,17),(341,'171',10,13),(342,'171',14,17),(343,'172',10,13),(344,'172',14,17),(345,'173',10,13),(346,'173',14,17),(347,'174',9,14),(348,'174',15,17),(349,'175',9,14),(350,'175',15,17),(351,'176',9,14),(352,'176',15,17),(353,'177',9,14),(354,'177',15,17),(355,'178',9,14),(356,'178',15,17),(357,'179',10,13),(358,'179',14,17),(359,'180',9,14),(360,'180',15,17),(361,'181',9,14),(362,'181',15,17),(363,'182',9,14),(364,'182',15,17),(365,'183',10,13),(366,'183',14,17),(367,'184',10,13),(368,'184',14,17),(369,'185',10,13),(370,'185',14,17),(371,'186',10,13),(372,'186',14,17),(373,'187',9,14),(374,'187',15,17),(375,'188',9,14),(376,'188',15,17),(377,'189',9,14),(378,'189',15,17),(379,'190',9,14),(380,'190',15,17),(381,'191',10,13),(382,'191',14,17),(383,'192',9,14),(384,'192',15,17),(385,'193',9,14),(386,'193',15,17),(387,'194',10,13),(388,'194',14,17),(389,'195',9,14),(390,'195',15,17),(391,'196',10,13),(392,'196',14,17),(393,'197',10,13),(394,'197',14,17),(395,'198',9,14),(396,'198',15,17),(397,'199',10,13),(398,'199',14,17),(399,'200',10,13),(400,'200',14,17),(401,'201',10,13),(402,'201',14,17),(403,'202',9,14),(404,'202',15,17),(405,'203',10,13),(406,'203',14,17),(407,'204',10,13),(408,'204',14,17),(409,'205',9,14),(410,'205',15,17),(411,'206',10,13),(412,'206',14,17),(413,'207',9,14),(414,'207',15,17),(415,'208',10,13),(416,'208',14,17),(417,'209',10,13),(418,'209',14,17),(419,'210',9,14),(420,'210',15,17),(421,'211',10,13),(422,'211',14,17),(423,'212',10,13),(424,'212',14,17),(425,'213',9,14),(426,'213',15,17),(427,'214',10,13),(428,'214',14,17),(429,'215',9,14),(430,'215',15,17),(431,'216',10,13),(432,'216',14,17),(433,'217',10,13),(434,'217',14,17),(435,'218',10,13),(436,'218',14,17),(437,'219',9,14),(438,'219',15,17),(439,'220',10,13),(440,'220',14,17),(441,'221',9,14),(442,'221',15,17),(443,'222',10,13),(444,'222',14,17),(445,'223',10,13),(446,'223',14,17),(447,'224',9,14),(448,'224',15,17),(449,'225',9,14),(450,'225',15,17),(451,'226',9,14),(452,'226',15,17),(453,'227',9,14),(454,'227',15,17),(455,'228',10,13),(456,'228',14,17),(457,'229',10,13),(458,'229',14,17),(459,'230',10,13),(460,'230',14,17),(461,'231',9,14),(462,'231',15,17),(463,'232',10,13),(464,'232',14,17),(465,'233',9,14),(466,'233',15,17),(467,'234',9,14),(468,'234',15,17),(469,'235',10,13),(470,'235',14,17),(471,'236',10,13),(472,'236',14,17),(473,'237',9,14),(474,'237',15,17),(475,'238',10,13),(476,'238',14,17),(477,'239',9,14),(478,'239',15,17),(479,'240',9,14),(480,'240',15,17),(481,'241',10,13),(482,'241',14,17),(483,'242',10,13),(484,'242',14,17),(485,'243',10,13),(486,'243',14,17),(487,'244',9,14),(488,'244',15,17),(489,'245',9,14),(490,'245',15,17),(491,'246',10,13),(492,'246',14,17),(493,'247',10,13),(494,'247',14,17),(495,'248',9,14),(496,'248',15,17),(497,'249',10,13),(498,'249',14,17),(499,'250',9,14),(500,'250',15,17),(501,'251',10,13),(502,'251',14,17),(503,'252',10,13),(504,'252',14,17),(505,'253',10,13),(506,'253',14,17),(507,'254',9,14),(508,'254',15,17),(509,'255',10,13),(510,'255',14,17),(511,'256',9,14),(512,'256',15,17),(513,'257',10,13),(514,'257',14,17),(515,'258',10,13),(516,'258',14,17),(517,'259',9,14),(518,'259',15,17),(519,'260',9,14),(520,'260',15,17),(521,'261',10,13),(522,'261',14,17),(523,'262',10,13),(524,'262',14,17),(525,'263',10,13),(526,'263',14,17),(527,'264',10,13),(528,'264',14,17),(529,'265',9,14),(530,'265',15,17),(531,'266',10,13),(532,'266',14,17),(533,'267',10,13),(534,'267',14,17),(535,'268',10,13),(536,'268',14,17),(537,'269',10,13),(538,'269',14,17),(539,'270',10,13),(540,'270',14,17),(541,'271',9,14),(542,'271',15,17),(543,'272',10,13),(544,'272',14,17),(545,'273',10,13),(546,'273',14,17),(547,'274',9,14),(548,'274',15,17),(549,'275',9,14),(550,'275',15,17),(551,'276',10,13),(552,'276',14,17),(553,'277',10,13),(554,'277',14,17),(555,'278',10,13),(556,'278',14,17),(557,'279',9,14),(558,'279',15,17),(559,'280',9,14),(560,'280',15,17),(561,'281',10,13),(562,'281',14,17),(563,'282',9,14),(564,'282',15,17),(565,'283',10,13),(566,'283',14,17),(567,'284',10,13),(568,'284',14,17),(569,'285',10,13),(570,'285',14,17),(571,'286',9,14),(572,'286',15,17),(573,'287',9,14),(574,'287',15,17),(575,'288',9,14),(576,'288',15,17),(577,'289',10,13),(578,'289',14,17),(579,'290',9,14),(580,'290',15,17),(581,'291',9,14),(582,'291',15,17),(583,'292',9,14),(584,'292',15,17),(585,'293',10,13),(586,'293',14,17),(587,'294',10,13),(588,'294',14,17),(589,'295',9,14),(590,'295',15,17);
/*!40000 ALTER TABLE `working_hours` ENABLE KEYS */;
UNLOCK TABLES;

--
-- Dumping events for database 'medics'
--

--
-- Dumping routines for database 'medics'
--
/*!40103 SET TIME_ZONE=@OLD_TIME_ZONE */;

/*!40101 SET SQL_MODE=@OLD_SQL_MODE */;
/*!40014 SET FOREIGN_KEY_CHECKS=@OLD_FOREIGN_KEY_CHECKS */;
/*!40014 SET UNIQUE_CHECKS=@OLD_UNIQUE_CHECKS */;
/*!40101 SET CHARACTER_SET_CLIENT=@OLD_CHARACTER_SET_CLIENT */;
/*!40101 SET CHARACTER_SET_RESULTS=@OLD_CHARACTER_SET_RESULTS */;
/*!40101 SET COLLATION_CONNECTION=@OLD_COLLATION_CONNECTION */;
/*!40111 SET SQL_NOTES=@OLD_SQL_NOTES */;

-- Dump completed on 2020-03-21 20:09:38
